timestamp,cpu_utilization,memory_utilization,disk_usage,network_usage,cluster,usage_type,cost,recommendation,optimized_cost
2024-01-01 00:00:00,71,83,77,54,2,OPTIMAL,8.120000000000001,Keep as is,8.120000000000001
2024-01-01 01:00:00,34,30,48,62,0,LOW,4.18,Reduce resources,2.9259999999999997
2024-01-01 02:00:00,91,47,57,51,2,OPTIMAL,7.609999999999999,Keep as is,7.609999999999999
2024-01-01 03:00:00,80,61,73,72,2,OPTIMAL,8.01,Keep as is,8.01
2024-01-01 04:00:00,40,76,53,36,0,LOW,5.7,Reduce resources,3.9899999999999998
2024-01-01 05:00:00,94,78,67,47,2,OPTIMAL,8.850000000000001,Keep as is,8.850000000000001
2024-01-01 06:00:00,94,40,46,69,2,OPTIMAL,7.510000000000001,Keep as is,7.510000000000001
2024-01-01 07:00:00,43,50,50,16,0,LOW,4.8100000000000005,Reduce resources,3.367
2024-01-01 08:00:00,22,55,52,14,0,LOW,3.93,Reduce resources,2.751
2024-01-01 09:00:00,41,54,74,54,0,LOW,5.69,Reduce resources,3.983
2024-01-01 10:00:00,72,51,45,67,2,OPTIMAL,6.7,Keep as is,6.7
2024-01-01 11:00:00,21,88,73,40,0,LOW,5.55,Reduce resources,3.885
2024-01-01 12:00:00,49,56,31,32,0,LOW,5.07,Reduce resources,3.549
2024-01-01 13:00:00,57,78,41,51,2,OPTIMAL,6.52,Keep as is,6.52
2024-01-01 14:00:00,21,42,44,19,0,LOW,3.38,Reduce resources,2.3659999999999997
2024-01-01 15:00:00,83,62,65,41,1,HIGH,7.72,Scale up resources,8.492
2024-01-01 16:00:00,79,63,73,62,2,OPTIMAL,7.92,Keep as is,7.92
2024-01-01 17:00:00,40,70,44,39,0,LOW,5.369999999999999,Reduce resources,3.758999999999999
2024-01-01 18:00:00,52,64,78,48,2,OPTIMAL,6.5600000000000005,Keep as is,6.5600000000000005
2024-01-01 19:00:00,77,30,46,40,1,HIGH,6.07,Scale up resources,6.6770000000000005
2024-01-01 20:00:00,41,50,52,11,0,LOW,4.7,Reduce resources,3.29
2024-01-01 21:00:00,68,77,64,21,1,HIGH,7.200000000000001,Scale up resources,7.920000000000002
2024-01-01 22:00:00,78,84,73,48,2,OPTIMAL,8.36,Keep as is,8.36
2024-01-01 23:00:00,61,35,31,22,1,HIGH,4.94,Scale up resources,5.434000000000001
2024-01-02 00:00:00,79,57,25,55,2,OPTIMAL,6.71,Keep as is,6.71
2024-01-02 01:00:00,34,46,56,36,0,LOW,4.5600000000000005,Reduce resources,3.192
2024-01-02 02:00:00,81,34,37,26,1,HIGH,6.07,Scale up resources,6.6770000000000005
2024-01-02 03:00:00,81,60,54,69,2,OPTIMAL,7.62,Keep as is,7.62
2024-01-02 04:00:00,66,34,47,73,2,OPTIMAL,5.99,Keep as is,5.99
2024-01-02 05:00:00,81,67,75,44,2,OPTIMAL,8.0,Keep as is,8.0
2024-01-02 06:00:00,70,32,83,39,1,HIGH,6.51,Scale up resources,7.1610000000000005
2024-01-02 07:00:00,74,82,80,72,2,OPTIMAL,8.48,Keep as is,8.48
2024-01-02 08:00:00,83,52,43,37,1,HIGH,6.940000000000001,Scale up resources,7.634000000000002
2024-01-02 09:00:00,22,66,56,69,0,LOW,4.890000000000001,Reduce resources,3.423
2024-01-02 10:00:00,70,82,54,46,2,OPTIMAL,7.5,Keep as is,7.5
2024-01-02 11:00:00,26,66,53,31,0,LOW,4.6499999999999995,Reduce resources,3.2549999999999994
2024-01-02 12:00:00,40,39,73,29,0,LOW,4.92,Reduce resources,3.444
2024-01-02 13:00:00,92,39,69,73,2,OPTIMAL,7.880000000000001,Keep as is,7.880000000000001
2024-01-02 14:00:00,58,48,53,26,1,HIGH,5.66,Scale up resources,6.226000000000001
2024-01-02 15:00:00,37,46,54,21,0,LOW,4.5200000000000005,Reduce resources,3.164
2024-01-02 16:00:00,23,50,40,31,0,LOW,3.7600000000000002,Reduce resources,2.632
2024-01-02 17:00:00,79,43,64,26,1,HIGH,6.78,Scale up resources,7.458000000000001
2024-01-02 18:00:00,33,38,43,19,0,LOW,3.84,Reduce resources,2.6879999999999997
2024-01-02 19:00:00,28,75,42,74,0,LOW,5.23,Reduce resources,3.661
2024-01-02 20:00:00,72,30,25,31,1,HIGH,5.31,Scale up resources,5.841
2024-01-02 21:00:00,21,80,38,59,0,LOW,4.8,Reduce resources,3.36
2024-01-02 22:00:00,79,74,75,23,1,HIGH,7.9,Scale up resources,8.690000000000001
2024-01-02 23:00:00,90,42,71,73,2,OPTIMAL,7.91,Keep as is,7.91
2024-01-03 00:00:00,63,33,74,56,2,OPTIMAL,6.1800000000000015,Keep as is,6.1800000000000015
2024-01-03 01:00:00,27,30,26,38,0,LOW,3.15,Reduce resources,2.2049999999999996
2024-01-03 02:00:00,66,78,78,45,2,OPTIMAL,7.650000000000001,Keep as is,7.650000000000001
2024-01-03 03:00:00,54,69,52,61,2,OPTIMAL,6.42,Keep as is,6.42
2024-01-03 04:00:00,55,61,73,16,1,HIGH,6.2,Scale up resources,6.820000000000001
2024-01-03 05:00:00,69,63,74,38,1,HIGH,7.2,Scale up resources,7.920000000000001
2024-01-03 06:00:00,23,57,54,20,0,LOW,4.140000000000001,Reduce resources,2.898
2024-01-03 07:00:00,21,60,62,42,0,LOW,4.51,Reduce resources,3.1569999999999996
2024-01-03 08:00:00,25,37,75,15,0,LOW,4.01,Reduce resources,2.8069999999999995
2024-01-03 09:00:00,73,68,28,41,1,HIGH,6.66,Scale up resources,7.3260000000000005
2024-01-03 10:00:00,23,55,25,60,0,LOW,3.9,Reduce resources,2.73
2024-01-03 11:00:00,73,87,32,67,2,OPTIMAL,7.569999999999999,Keep as is,7.569999999999999
2024-01-03 12:00:00,82,63,53,35,1,HIGH,7.4,Scale up resources,8.14
2024-01-03 13:00:00,37,83,79,55,0,LOW,6.47,Reduce resources,4.529
2024-01-03 14:00:00,63,83,63,38,2,OPTIMAL,7.28,Keep as is,7.28
2024-01-03 15:00:00,53,32,27,13,1,HIGH,4.28,Scale up resources,4.708000000000001
2024-01-03 16:00:00,93,88,56,22,1,HIGH,8.63,Scale up resources,9.493000000000002
2024-01-03 17:00:00,81,79,34,48,2,OPTIMAL,7.58,Keep as is,7.58
2024-01-03 18:00:00,33,41,34,24,0,LOW,3.8,Reduce resources,2.6599999999999997
2024-01-03 19:00:00,67,30,43,38,1,HIGH,5.49,Scale up resources,6.039000000000001
2024-01-03 20:00:00,34,83,70,38,0,LOW,5.97,Reduce resources,4.178999999999999
2024-01-03 21:00:00,91,73,58,41,2,OPTIMAL,8.31,Keep as is,8.31
2024-01-03 22:00:00,81,34,84,11,1,HIGH,6.86,Scale up resources,7.546000000000001
2024-01-03 23:00:00,59,59,57,56,2,OPTIMAL,6.420000000000002,Keep as is,6.420000000000002
2024-01-04 00:00:00,72,59,47,31,1,HIGH,6.62,Scale up resources,7.282000000000001
2024-01-04 01:00:00,43,88,79,36,0,LOW,6.7299999999999995,Reduce resources,4.710999999999999
2024-01-04 02:00:00,45,86,52,65,2,OPTIMAL,6.5200000000000005,Keep as is,6.5200000000000005
2024-01-04 03:00:00,79,46,56,30,1,HIGH,6.75,Scale up resources,7.425000000000001
2024-01-04 04:00:00,60,77,74,56,2,OPTIMAL,7.350000000000001,Keep as is,7.350000000000001
2024-01-04 05:00:00,48,76,31,68,2,OPTIMAL,5.9799999999999995,Keep as is,5.9799999999999995
2024-01-04 06:00:00,34,52,53,15,0,LOW,4.470000000000001,Reduce resources,3.1290000000000004
2024-01-04 07:00:00,64,44,32,28,1,HIGH,5.4399999999999995,Scale up resources,5.984
2024-01-04 08:00:00,84,66,25,66,2,OPTIMAL,7.34,Keep as is,7.34
2024-01-04 09:00:00,90,50,81,12,1,HIGH,7.74,Scale up resources,8.514000000000001
2024-01-04 10:00:00,28,43,79,10,0,LOW,4.37,Reduce resources,3.0589999999999997
2024-01-04 11:00:00,20,31,27,67,0,LOW,3.1399999999999997,Reduce resources,2.1979999999999995
2024-01-04 12:00:00,27,40,48,47,0,LOW,3.98,Reduce resources,2.786
2024-01-04 13:00:00,82,80,47,24,1,HIGH,7.680000000000001,Scale up resources,8.448000000000002
2024-01-04 14:00:00,30,68,83,43,0,LOW,5.63,Reduce resources,3.941
2024-01-04 15:00:00,27,67,32,70,0,LOW,4.7,Reduce resources,3.29
2024-01-04 16:00:00,54,89,78,44,2,OPTIMAL,7.37,Keep as is,7.37
2024-01-04 17:00:00,54,63,81,73,2,OPTIMAL,6.9399999999999995,Keep as is,6.9399999999999995
2024-01-04 18:00:00,52,67,71,34,0,LOW,6.369999999999999,Reduce resources,4.458999999999999
2024-01-04 19:00:00,24,79,61,33,0,LOW,5.12,Reduce resources,3.5839999999999996
2024-01-04 20:00:00,60,63,27,21,1,HIGH,5.64,Scale up resources,6.204
2024-01-04 21:00:00,47,47,75,27,0,LOW,5.529999999999999,Reduce resources,3.870999999999999
2024-01-04 22:00:00,26,59,57,24,0,LOW,4.450000000000001,Reduce resources,3.1150000000000007
2024-01-04 23:00:00,92,44,52,36,1,HIGH,7.32,Scale up resources,8.052000000000001
2024-01-05 00:00:00,91,56,71,69,2,OPTIMAL,8.34,Keep as is,8.34
2024-01-05 01:00:00,31,80,32,55,0,LOW,5.14,Reduce resources,3.5979999999999994
2024-01-05 02:00:00,53,63,58,26,1,HIGH,5.96,Scale up resources,6.556
2024-01-05 03:00:00,52,81,59,62,2,OPTIMAL,6.829999999999999,Keep as is,6.829999999999999
2024-01-05 04:00:00,67,86,56,17,1,HIGH,7.22,Scale up resources,7.942
2024-01-05 05:00:00,42,67,48,36,0,LOW,5.43,Reduce resources,3.8009999999999997
2024-01-05 06:00:00,81,62,38,55,2,OPTIMAL,7.22,Keep as is,7.22
2024-01-05 07:00:00,56,53,56,59,2,OPTIMAL,6.1000000000000005,Keep as is,6.1000000000000005
2024-01-05 08:00:00,63,44,80,12,1,HIGH,6.19,Scale up resources,6.809000000000001
2024-01-05 09:00:00,54,89,70,73,2,OPTIMAL,7.5,Keep as is,7.5
2024-01-05 10:00:00,84,59,67,53,2,OPTIMAL,7.840000000000001,Keep as is,7.840000000000001
2024-01-05 11:00:00,66,84,40,62,2,OPTIMAL,7.24,Keep as is,7.24
2024-01-05 12:00:00,22,71,28,33,0,LOW,4.12,Reduce resources,2.884
2024-01-05 13:00:00,20,80,76,69,0,LOW,5.61,Reduce resources,3.927
2024-01-05 14:00:00,24,46,61,12,0,LOW,3.92,Reduce resources,2.7439999999999998
2024-01-05 15:00:00,33,34,78,29,0,LOW,4.5200000000000005,Reduce resources,3.164
2024-01-05 16:00:00,46,58,45,55,0,LOW,5.49,Reduce resources,3.843
2024-01-05 17:00:00,28,33,38,24,0,LOW,3.3900000000000006,Reduce resources,2.373
2024-01-05 18:00:00,34,39,55,34,0,LOW,4.3100000000000005,Reduce resources,3.0170000000000003
2024-01-05 19:00:00,61,85,79,26,1,HIGH,7.4399999999999995,Scale up resources,8.184
2024-01-05 20:00:00,70,46,72,18,1,HIGH,6.5,Scale up resources,7.15
2024-01-05 21:00:00,82,39,42,47,1,HIGH,6.58,Scale up resources,7.238
2024-01-05 22:00:00,71,46,31,57,2,OPTIMAL,6.12,Keep as is,6.12
2024-01-05 23:00:00,23,89,34,69,0,LOW,5.19,Reduce resources,3.633
2024-01-06 00:00:00,42,49,31,72,0,LOW,4.91,Reduce resources,3.437
2024-01-06 01:00:00,34,53,57,11,0,LOW,4.54,Reduce resources,3.178
2024-01-06 02:00:00,62,34,47,20,1,HIGH,5.260000000000001,Scale up resources,5.786000000000001
2024-01-06 03:00:00,48,63,45,73,2,OPTIMAL,5.92,Keep as is,5.92
2024-01-06 04:00:00,55,35,43,30,1,HIGH,4.96,Scale up resources,5.456
2024-01-06 05:00:00,32,82,72,27,0,LOW,5.77,Reduce resources,4.039
2024-01-06 06:00:00,51,31,43,73,2,OPTIMAL,5.07,Keep as is,5.07
2024-01-06 07:00:00,90,42,60,47,1,HIGH,7.43,Scale up resources,8.173
2024-01-06 08:00:00,78,72,53,41,2,OPTIMAL,7.530000000000001,Keep as is,7.530000000000001
2024-01-06 09:00:00,47,72,84,20,0,LOW,6.39,Reduce resources,4.473
2024-01-06 10:00:00,85,77,42,54,2,OPTIMAL,7.94,Keep as is,7.94
2024-01-06 11:00:00,61,40,26,42,1,HIGH,5.1899999999999995,Scale up resources,5.709
2024-01-06 12:00:00,64,80,25,50,2,OPTIMAL,6.6,Keep as is,6.6
2024-01-06 13:00:00,81,76,71,17,1,HIGH,7.92,Scale up resources,8.712
2024-01-06 14:00:00,76,86,29,20,1,HIGH,7.160000000000001,Scale up resources,7.876000000000002
2024-01-06 15:00:00,25,52,44,60,0,LOW,4.29,Reduce resources,3.0029999999999997
2024-01-06 16:00:00,47,84,35,50,0,LOW,6.07,Reduce resources,4.249
2024-01-06 17:00:00,47,45,66,26,0,LOW,5.28,Reduce resources,3.6959999999999997
2024-01-06 18:00:00,63,60,26,55,2,OPTIMAL,6.0200000000000005,Keep as is,6.0200000000000005
2024-01-06 19:00:00,49,40,27,41,0,LOW,4.6000000000000005,Reduce resources,3.22
2024-01-06 20:00:00,81,83,47,63,2,OPTIMAL,8.11,Keep as is,8.11
2024-01-06 21:00:00,94,45,79,29,1,HIGH,7.92,Scale up resources,8.712
2024-01-06 22:00:00,81,37,36,42,1,HIGH,6.3,Scale up resources,6.930000000000001
2024-01-06 23:00:00,20,33,44,49,0,LOW,3.3600000000000003,Reduce resources,2.352
2024-01-07 00:00:00,46,69,29,41,0,LOW,5.36,Reduce resources,3.752
2024-01-07 01:00:00,81,33,61,11,1,HIGH,6.37,Scale up resources,7.007000000000001
2024-01-07 02:00:00,22,85,62,42,0,LOW,5.31,Reduce resources,3.7169999999999996
2024-01-07 03:00:00,89,54,54,39,1,HIGH,7.54,Scale up resources,8.294
2024-01-07 04:00:00,91,32,33,42,1,HIGH,6.59,Scale up resources,7.2490000000000006
2024-01-07 05:00:00,46,61,58,35,0,LOW,5.64,Reduce resources,3.9479999999999995
2024-01-07 06:00:00,28,32,77,31,0,LOW,4.21,Reduce resources,2.9469999999999996
2024-01-07 07:00:00,81,56,68,47,2,OPTIMAL,7.56,Keep as is,7.56
2024-01-07 08:00:00,56,58,59,55,2,OPTIMAL,6.27,Keep as is,6.27
2024-01-07 09:00:00,70,61,76,24,1,HIGH,7.09,Scale up resources,7.799
2024-01-07 10:00:00,63,79,82,53,2,OPTIMAL,7.69,Keep as is,7.69
2024-01-07 11:00:00,43,87,46,58,2,OPTIMAL,6.26,Keep as is,6.26
2024-01-07 12:00:00,78,80,68,70,2,OPTIMAL,8.360000000000001,Keep as is,8.360000000000001
2024-01-07 13:00:00,51,48,48,15,1,HIGH,5.1000000000000005,Scale up resources,5.610000000000001
2024-01-07 14:00:00,71,50,41,18,1,HIGH,6.050000000000001,Scale up resources,6.655000000000001
2024-01-07 15:00:00,81,34,34,15,1,HIGH,5.9,Scale up resources,6.490000000000001
2024-01-07 16:00:00,77,47,54,41,1,HIGH,6.75,Scale up resources,7.425000000000001
2024-01-07 17:00:00,71,57,80,50,2,OPTIMAL,7.359999999999999,Keep as is,7.359999999999999
2024-01-07 18:00:00,31,71,83,17,0,LOW,5.51,Reduce resources,3.8569999999999998
2024-01-07 19:00:00,58,51,70,59,2,OPTIMAL,6.420000000000001,Keep as is,6.420000000000001
2024-01-07 20:00:00,21,50,47,71,0,LOW,4.199999999999999,Reduce resources,2.9399999999999995
2024-01-07 21:00:00,22,35,56,71,0,LOW,3.9800000000000004,Reduce resources,2.786
2024-01-07 22:00:00,75,30,41,16,1,HIGH,5.630000000000001,Scale up resources,6.193000000000001
2024-01-07 23:00:00,78,34,74,13,1,HIGH,6.53,Scale up resources,7.183000000000001
2024-01-08 00:00:00,21,70,75,15,0,LOW,4.800000000000001,Reduce resources,3.3600000000000003
2024-01-08 01:00:00,21,41,41,67,0,LOW,3.7700000000000005,Reduce resources,2.6390000000000002
2024-01-08 02:00:00,73,55,38,31,1,HIGH,6.37,Scale up resources,7.007000000000001
2024-01-08 03:00:00,20,75,33,35,0,LOW,4.26,Reduce resources,2.9819999999999998
2024-01-08 04:00:00,38,63,64,12,0,LOW,5.19,Reduce resources,3.633
2024-01-08 05:00:00,21,78,26,50,0,LOW,4.41,Reduce resources,3.0869999999999997
2024-01-08 06:00:00,72,43,69,69,2,OPTIMAL,6.960000000000001,Keep as is,6.960000000000001
2024-01-08 07:00:00,63,55,49,23,1,HIGH,6.010000000000002,Scale up resources,6.611000000000002
2024-01-08 08:00:00,51,74,63,21,0,LOW,6.239999999999999,Reduce resources,4.367999999999999
2024-01-08 09:00:00,89,56,33,21,1,HIGH,7.0,Scale up resources,7.700000000000001
2024-01-08 10:00:00,51,38,78,22,1,HIGH,5.47,Scale up resources,6.017
2024-01-08 11:00:00,87,55,46,34,1,HIGH,7.26,Scale up resources,7.986000000000001
2024-01-08 12:00:00,74,86,67,54,2,OPTIMAL,8.16,Keep as is,8.16
2024-01-08 13:00:00,94,76,70,28,1,HIGH,8.66,Scale up resources,9.526000000000002
2024-01-08 14:00:00,75,86,28,64,2,OPTIMAL,7.53,Keep as is,7.53
2024-01-08 15:00:00,36,51,50,54,0,LOW,4.87,Reduce resources,3.409
2024-01-08 16:00:00,57,76,82,17,1,HIGH,6.9399999999999995,Scale up resources,7.634
2024-01-08 17:00:00,43,85,53,62,2,OPTIMAL,6.38,Keep as is,6.38
2024-01-08 18:00:00,88,59,69,64,2,OPTIMAL,8.19,Keep as is,8.19
2024-01-08 19:00:00,89,72,58,41,2,OPTIMAL,8.18,Keep as is,8.18
2024-01-08 20:00:00,30,77,47,60,0,LOW,5.35,Reduce resources,3.7449999999999997
2024-01-08 21:00:00,35,46,61,53,0,LOW,4.88,Reduce resources,3.416
2024-01-08 22:00:00,92,55,35,27,1,HIGH,7.220000000000001,Scale up resources,7.942000000000001
2024-01-08 23:00:00,78,65,30,31,1,HIGH,6.76,Scale up resources,7.436
2024-01-09 00:00:00,89,30,42,46,1,HIGH,6.6499999999999995,Scale up resources,7.315
2024-01-09 01:00:00,22,37,45,65,0,LOW,3.76,Reduce resources,2.6319999999999997
2024-01-09 02:00:00,39,78,66,68,2,OPTIMAL,6.29,Keep as is,6.29
2024-01-09 03:00:00,78,64,60,12,1,HIGH,7.140000000000001,Scale up resources,7.854000000000001
2024-01-09 04:00:00,55,81,65,37,2,OPTIMAL,6.85,Keep as is,6.85
2024-01-09 05:00:00,38,44,62,44,0,LOW,4.9,Reduce resources,3.43
2024-01-09 06:00:00,86,76,58,70,2,OPTIMAL,8.44,Keep as is,8.44
2024-01-09 07:00:00,38,85,41,63,0,LOW,5.9,Reduce resources,4.13
2024-01-09 08:00:00,39,51,61,72,0,LOW,5.42,Reduce resources,3.7939999999999996
2024-01-09 09:00:00,90,43,49,16,1,HIGH,6.93,Scale up resources,7.623
2024-01-09 10:00:00,71,55,62,58,2,OPTIMAL,7.0200000000000005,Keep as is,7.0200000000000005
2024-01-09 11:00:00,52,57,82,40,0,LOW,6.350000000000001,Reduce resources,4.445
2024-01-09 12:00:00,59,52,36,67,2,OPTIMAL,5.8999999999999995,Keep as is,5.8999999999999995
2024-01-09 13:00:00,58,43,47,70,2,OPTIMAL,5.830000000000001,Keep as is,5.830000000000001
2024-01-09 14:00:00,20,53,77,33,0,LOW,4.46,Reduce resources,3.122
2024-01-09 15:00:00,30,31,66,29,0,LOW,4.04,Reduce resources,2.828
2024-01-09 16:00:00,76,74,46,46,2,OPTIMAL,7.3999999999999995,Keep as is,7.3999999999999995
2024-01-09 17:00:00,69,55,45,13,1,HIGH,6.13,Scale up resources,6.743
2024-01-09 18:00:00,42,43,51,29,0,LOW,4.7,Reduce resources,3.29
2024-01-09 19:00:00,50,88,81,69,2,OPTIMAL,7.45,Keep as is,7.45
2024-01-09 20:00:00,61,85,55,33,2,OPTIMAL,7.029999999999999,Keep as is,7.029999999999999
2024-01-09 21:00:00,26,80,30,59,0,LOW,4.89,Reduce resources,3.4229999999999996
2024-01-09 22:00:00,35,36,51,58,0,LOW,4.43,Reduce resources,3.1009999999999995
2024-01-09 23:00:00,79,32,64,60,2,OPTIMAL,6.79,Keep as is,6.79
2024-01-10 00:00:00,21,76,58,45,0,LOW,4.94,Reduce resources,3.458
2024-01-10 01:00:00,20,52,36,43,0,LOW,3.7100000000000004,Reduce resources,2.597
2024-01-10 02:00:00,67,75,69,45,2,OPTIMAL,7.43,Keep as is,7.43
2024-01-10 03:00:00,31,72,81,15,0,LOW,5.48,Reduce resources,3.836
2024-01-10 04:00:00,88,76,77,48,2,OPTIMAL,8.7,Keep as is,8.7
2024-01-10 05:00:00,56,89,31,51,2,OPTIMAL,6.6000000000000005,Keep as is,6.6000000000000005
2024-01-10 06:00:00,51,74,34,67,2,OPTIMAL,6.119999999999999,Keep as is,6.119999999999999
2024-01-10 07:00:00,28,47,69,21,0,LOW,4.4,Reduce resources,3.08
2024-01-10 08:00:00,38,87,41,12,0,LOW,5.45,Reduce resources,3.815
2024-01-10 09:00:00,67,67,50,27,1,HIGH,6.629999999999999,Scale up resources,7.292999999999999
2024-01-10 10:00:00,22,64,45,49,0,LOW,4.41,Reduce resources,3.0869999999999997
2024-01-10 11:00:00,39,80,52,30,0,LOW,5.6899999999999995,Reduce resources,3.982999999999999
2024-01-10 12:00:00,43,44,82,24,0,LOW,5.35,Reduce resources,3.7449999999999997
2024-01-10 13:00:00,73,54,70,35,1,HIGH,7.0200000000000005,Scale up resources,7.722000000000001
2024-01-10 14:00:00,52,84,26,17,1,HIGH,5.8100000000000005,Scale up resources,6.391000000000001
2024-01-10 15:00:00,43,66,84,51,0,LOW,6.319999999999999,Reduce resources,4.4239999999999995
2024-01-10 16:00:00,94,57,78,53,2,OPTIMAL,8.5,Keep as is,8.5
2024-01-10 17:00:00,91,39,67,23,1,HIGH,7.29,Scale up resources,8.019
2024-01-10 18:00:00,55,68,25,11,1,HIGH,5.4,Scale up resources,5.940000000000001
2024-01-10 19:00:00,57,86,75,46,2,OPTIMAL,7.39,Keep as is,7.39
2024-01-10 20:00:00,44,46,77,47,0,LOW,5.59,Reduce resources,3.913
2024-01-10 21:00:00,37,68,60,50,0,LOW,5.59,Reduce resources,3.913
2024-01-10 22:00:00,85,51,75,71,2,OPTIMAL,7.99,Keep as is,7.99
2024-01-10 23:00:00,73,55,50,69,2,OPTIMAL,6.990000000000001,Keep as is,6.990000000000001
2024-01-11 00:00:00,54,73,53,23,1,HIGH,6.1800000000000015,Scale up resources,6.798000000000002
2024-01-11 01:00:00,80,54,45,11,1,HIGH,6.630000000000001,Scale up resources,7.293000000000001
2024-01-11 02:00:00,60,46,35,26,1,HIGH,5.34,Scale up resources,5.8740000000000006
2024-01-11 03:00:00,52,42,64,37,0,LOW,5.510000000000001,Reduce resources,3.857
2024-01-11 04:00:00,87,49,35,44,1,HIGH,6.960000000000001,Scale up resources,7.6560000000000015
2024-01-11 05:00:00,52,54,60,14,1,HIGH,5.56,Scale up resources,6.116
2024-01-11 06:00:00,33,33,73,74,0,LOW,4.84,Reduce resources,3.388
2024-01-11 07:00:00,40,39,83,49,0,LOW,5.32,Reduce resources,3.7239999999999998
2024-01-11 08:00:00,67,32,63,65,2,OPTIMAL,6.220000000000001,Keep as is,6.220000000000001
2024-01-11 09:00:00,39,70,64,45,0,LOW,5.780000000000001,Reduce resources,4.046
2024-01-11 10:00:00,27,74,59,54,0,LOW,5.29,Reduce resources,3.703
2024-01-11 11:00:00,26,47,78,32,0,LOW,4.59,Reduce resources,3.2129999999999996
2024-01-11 12:00:00,86,76,58,56,2,OPTIMAL,8.3,Keep as is,8.3
2024-01-11 13:00:00,36,65,79,40,0,LOW,5.73,Reduce resources,4.011
2024-01-11 14:00:00,52,76,71,20,1,HIGH,6.5,Scale up resources,7.15
2024-01-11 15:00:00,67,51,48,19,1,HIGH,6.03,Scale up resources,6.633000000000001
2024-01-11 16:00:00,78,63,78,23,1,HIGH,7.58,Scale up resources,8.338000000000001
2024-01-11 17:00:00,41,76,46,19,0,LOW,5.44,Reduce resources,3.808
2024-01-11 18:00:00,49,37,29,10,1,HIGH,4.239999999999999,Scale up resources,4.664
2024-01-11 19:00:00,57,69,80,14,1,HIGH,6.659999999999999,Scale up resources,7.326
2024-01-11 20:00:00,70,78,57,29,1,HIGH,7.2700000000000005,Scale up resources,7.997000000000001
2024-01-11 21:00:00,73,73,82,17,1,HIGH,7.65,Scale up resources,8.415000000000001
2024-01-11 22:00:00,27,48,60,52,0,LOW,4.51,Reduce resources,3.1569999999999996
2024-01-11 23:00:00,46,71,71,10,0,LOW,5.949999999999999,Reduce resources,4.164999999999999
2024-01-12 00:00:00,46,70,44,66,2,OPTIMAL,5.94,Keep as is,5.94
2024-01-12 01:00:00,40,66,43,73,2,OPTIMAL,5.57,Keep as is,5.57
2024-01-12 02:00:00,49,35,59,37,0,LOW,5.05,Reduce resources,3.5349999999999997
2024-01-12 03:00:00,47,81,76,46,0,LOW,6.759999999999999,Reduce resources,4.731999999999999
2024-01-12 04:00:00,83,55,67,56,2,OPTIMAL,7.700000000000001,Keep as is,7.700000000000001
2024-01-12 05:00:00,88,63,41,46,2,OPTIMAL,7.57,Keep as is,7.57
2024-01-12 06:00:00,80,88,83,58,2,OPTIMAL,8.88,Keep as is,8.88
2024-01-12 07:00:00,67,85,69,53,2,OPTIMAL,7.8100000000000005,Keep as is,7.8100000000000005
2024-01-12 08:00:00,38,88,67,65,2,OPTIMAL,6.53,Keep as is,6.53
2024-01-12 09:00:00,23,74,58,37,0,LOW,4.9,Reduce resources,3.43
2024-01-12 10:00:00,54,35,33,15,1,HIGH,4.5600000000000005,Scale up resources,5.016000000000001
2024-01-12 11:00:00,83,66,50,70,2,OPTIMAL,7.830000000000001,Keep as is,7.830000000000001
2024-01-12 12:00:00,68,86,26,29,1,HIGH,6.79,Scale up resources,7.469
2024-01-12 13:00:00,36,62,77,11,0,LOW,5.3100000000000005,Reduce resources,3.717
2024-01-12 14:00:00,63,82,33,46,2,OPTIMAL,6.73,Keep as is,6.73
2024-01-12 15:00:00,49,51,33,29,0,LOW,4.930000000000001,Reduce resources,3.451
2024-01-12 16:00:00,65,50,64,35,1,HIGH,6.38,Scale up resources,7.018000000000001
2024-01-12 17:00:00,25,35,41,38,0,LOW,3.5,Reduce resources,2.4499999999999997
2024-01-12 18:00:00,56,35,25,10,1,HIGH,4.45,Scale up resources,4.8950000000000005
2024-01-12 19:00:00,43,84,49,44,0,LOW,6.090000000000001,Reduce resources,4.263
2024-01-12 20:00:00,65,77,67,68,2,OPTIMAL,7.58,Keep as is,7.58
2024-01-12 21:00:00,72,33,64,42,1,HIGH,6.29,Scale up resources,6.9190000000000005
2024-01-12 22:00:00,79,59,66,60,2,OPTIMAL,7.640000000000001,Keep as is,7.640000000000001
2024-01-12 23:00:00,82,40,49,21,1,HIGH,6.490000000000001,Scale up resources,7.139000000000002
2024-01-13 00:00:00,51,59,63,29,0,LOW,5.87,Reduce resources,4.109
2024-01-13 01:00:00,52,60,59,62,2,OPTIMAL,6.2,Keep as is,6.2
2024-01-13 02:00:00,86,53,27,52,2,OPTIMAL,6.949999999999999,Keep as is,6.949999999999999
2024-01-13 03:00:00,37,84,74,59,0,LOW,6.4399999999999995,Reduce resources,4.507999999999999
2024-01-13 04:00:00,44,38,61,38,0,LOW,4.9399999999999995,Reduce resources,3.4579999999999993
2024-01-13 05:00:00,73,84,68,66,2,OPTIMAL,8.19,Keep as is,8.19
2024-01-13 06:00:00,77,32,68,48,1,HIGH,6.65,Scale up resources,7.315000000000001
2024-01-13 07:00:00,86,80,75,65,2,OPTIMAL,8.85,Keep as is,8.85
2024-01-13 08:00:00,65,60,54,52,2,OPTIMAL,6.65,Keep as is,6.65
2024-01-13 09:00:00,43,69,62,59,0,LOW,6.05,Reduce resources,4.234999999999999
2024-01-13 10:00:00,51,66,58,32,0,LOW,6.010000000000001,Reduce resources,4.207
2024-01-13 11:00:00,66,65,36,53,2,OPTIMAL,6.5,Keep as is,6.5
2024-01-13 12:00:00,42,53,43,47,0,LOW,5.02,Reduce resources,3.5139999999999993
2024-01-13 13:00:00,85,60,61,32,1,HIGH,7.59,Scale up resources,8.349
2024-01-13 14:00:00,46,35,68,54,0,LOW,5.250000000000001,Reduce resources,3.6750000000000003
2024-01-13 15:00:00,21,31,83,61,0,LOW,4.25,Reduce resources,2.9749999999999996
2024-01-13 16:00:00,36,49,83,59,0,LOW,5.52,Reduce resources,3.8639999999999994
2024-01-13 17:00:00,52,57,73,17,1,HIGH,5.94,Scale up resources,6.534000000000001
2024-01-13 18:00:00,28,40,41,10,0,LOW,3.52,Reduce resources,2.464
2024-01-13 19:00:00,62,33,34,17,1,HIGH,4.9399999999999995,Scale up resources,5.434
2024-01-13 20:00:00,67,44,81,38,1,HIGH,6.67,Scale up resources,7.337000000000001
2024-01-13 21:00:00,58,35,79,14,1,HIGH,5.67,Scale up resources,6.237
2024-01-13 22:00:00,61,83,73,56,2,OPTIMAL,7.5600000000000005,Keep as is,7.5600000000000005
2024-01-13 23:00:00,45,78,71,43,0,LOW,6.4399999999999995,Reduce resources,4.507999999999999
2024-01-14 00:00:00,69,59,36,74,2,OPTIMAL,6.680000000000001,Keep as is,6.680000000000001
2024-01-14 01:00:00,44,85,40,64,2,OPTIMAL,6.1899999999999995,Keep as is,6.1899999999999995
2024-01-14 02:00:00,43,67,48,52,0,LOW,5.640000000000001,Reduce resources,3.948
2024-01-14 03:00:00,32,80,43,39,0,LOW,5.25,Reduce resources,3.675
2024-01-14 04:00:00,79,86,32,26,1,HIGH,7.43,Scale up resources,8.173
2024-01-14 05:00:00,26,31,55,35,0,LOW,3.68,Reduce resources,2.576
2024-01-14 06:00:00,76,44,45,17,1,HIGH,6.19,Scale up resources,6.809000000000001
2024-01-14 07:00:00,55,40,41,56,2,OPTIMAL,5.33,Keep as is,5.33
2024-01-14 08:00:00,64,37,47,55,2,OPTIMAL,5.800000000000001,Keep as is,5.800000000000001
2024-01-14 09:00:00,39,55,61,42,0,LOW,5.24,Reduce resources,3.6679999999999997
2024-01-14 10:00:00,84,80,78,10,1,HIGH,8.26,Scale up resources,9.086
2024-01-14 11:00:00,27,74,40,28,0,LOW,4.65,Reduce resources,3.255
2024-01-14 12:00:00,35,73,30,40,0,LOW,4.94,Reduce resources,3.458
2024-01-14 13:00:00,33,34,32,23,0,LOW,3.54,Reduce resources,2.4779999999999998
2024-01-14 14:00:00,34,35,49,62,0,LOW,4.35,Reduce resources,3.0449999999999995
2024-01-14 15:00:00,85,55,42,57,2,OPTIMAL,7.3100000000000005,Keep as is,7.3100000000000005
2024-01-14 16:00:00,51,83,49,71,2,OPTIMAL,6.7299999999999995,Keep as is,6.7299999999999995
2024-01-14 17:00:00,82,33,36,73,2,OPTIMAL,6.540000000000001,Keep as is,6.540000000000001
2024-01-14 18:00:00,70,48,39,72,2,OPTIMAL,6.4399999999999995,Keep as is,6.4399999999999995
2024-01-14 19:00:00,44,49,83,42,0,LOW,5.75,Reduce resources,4.0249999999999995
2024-01-14 20:00:00,77,62,50,50,2,OPTIMAL,7.21,Keep as is,7.21
2024-01-14 21:00:00,82,49,65,57,2,OPTIMAL,7.44,Keep as is,7.44
2024-01-14 22:00:00,81,78,69,22,1,HIGH,7.989999999999999,Scale up resources,8.789
2024-01-14 23:00:00,41,41,50,40,0,LOW,4.680000000000001,Reduce resources,3.2760000000000002
2024-01-15 00:00:00,77,76,71,13,1,HIGH,7.68,Scale up resources,8.448
2024-01-15 01:00:00,77,30,56,28,1,HIGH,6.15,Scale up resources,6.765000000000001
2024-01-15 02:00:00,68,55,34,22,1,HIGH,5.95,Scale up resources,6.545000000000001
2024-01-15 03:00:00,71,43,40,32,1,HIGH,5.96,Scale up resources,6.556
2024-01-15 04:00:00,61,67,31,10,1,HIGH,5.78,Scale up resources,6.3580000000000005
2024-01-15 05:00:00,89,66,41,63,2,OPTIMAL,7.88,Keep as is,7.88
2024-01-15 06:00:00,34,40,47,24,0,LOW,4.08,Reduce resources,2.856
2024-01-15 07:00:00,73,65,50,74,2,OPTIMAL,7.340000000000001,Keep as is,7.340000000000001
2024-01-15 08:00:00,79,42,45,24,1,HIGH,6.3500000000000005,Scale up resources,6.985000000000001
2024-01-15 09:00:00,27,72,46,30,0,LOW,4.73,Reduce resources,3.311
2024-01-15 10:00:00,72,32,82,28,1,HIGH,6.480000000000001,Scale up resources,7.128000000000002
2024-01-15 11:00:00,79,62,31,69,2,OPTIMAL,7.120000000000001,Keep as is,7.120000000000001
2024-01-15 12:00:00,24,35,38,42,0,LOW,3.4299999999999997,Reduce resources,2.401
2024-01-15 13:00:00,87,79,39,58,2,OPTIMAL,8.08,Keep as is,8.08
2024-01-15 14:00:00,25,85,77,44,0,LOW,5.78,Reduce resources,4.046
2024-01-15 15:00:00,66,39,31,53,2,OPTIMAL,5.620000000000001,Keep as is,5.620000000000001
2024-01-15 16:00:00,74,34,33,20,1,HIGH,5.580000000000001,Scale up resources,6.138000000000002
2024-01-15 17:00:00,59,52,75,55,2,OPTIMAL,6.56,Keep as is,6.56
2024-01-15 18:00:00,71,39,72,18,1,HIGH,6.34,Scale up resources,6.974
2024-01-15 19:00:00,35,73,32,12,0,LOW,4.7,Reduce resources,3.29
2024-01-15 20:00:00,32,31,74,35,0,LOW,4.359999999999999,Reduce resources,3.0519999999999996
2024-01-15 21:00:00,49,42,83,57,2,OPTIMAL,5.94,Keep as is,5.94
2024-01-15 22:00:00,38,69,47,37,0,LOW,5.28,Reduce resources,3.6959999999999997
2024-01-15 23:00:00,36,31,53,35,0,LOW,4.14,Reduce resources,2.8979999999999997
2024-01-16 00:00:00,82,49,42,34,1,HIGH,6.75,Scale up resources,7.425000000000001
2024-01-16 01:00:00,38,30,55,21,0,LOW,4.11,Reduce resources,2.8770000000000002
2024-01-16 02:00:00,77,66,54,14,1,HIGH,7.05,Scale up resources,7.755000000000001
2024-01-16 03:00:00,74,38,76,57,2,OPTIMAL,6.93,Keep as is,6.93
2024-01-16 04:00:00,81,46,63,46,1,HIGH,7.1499999999999995,Scale up resources,7.865
2024-01-16 05:00:00,42,38,59,53,0,LOW,4.95,Reduce resources,3.465
2024-01-16 06:00:00,28,40,42,24,0,LOW,3.6799999999999997,Reduce resources,2.5759999999999996
2024-01-16 07:00:00,31,44,83,52,0,LOW,5.050000000000001,Reduce resources,3.535
2024-01-16 08:00:00,20,53,66,57,0,LOW,4.48,Reduce resources,3.136
2024-01-16 09:00:00,77,67,63,55,2,OPTIMAL,7.669999999999999,Keep as is,7.669999999999999
2024-01-16 10:00:00,20,84,41,52,0,LOW,4.859999999999999,Reduce resources,3.4019999999999992
2024-01-16 11:00:00,53,64,38,30,0,LOW,5.63,Reduce resources,3.941
2024-01-16 12:00:00,67,59,55,32,1,HIGH,6.540000000000001,Scale up resources,7.194000000000002
2024-01-16 13:00:00,20,60,48,56,0,LOW,4.32,Reduce resources,3.024
2024-01-16 14:00:00,35,78,59,24,0,LOW,5.51,Reduce resources,3.8569999999999998
2024-01-16 15:00:00,80,34,68,34,1,HIGH,6.72,Scale up resources,7.392
2024-01-16 16:00:00,83,89,84,45,2,OPTIMAL,8.95,Keep as is,8.95
2024-01-16 17:00:00,82,73,69,60,2,OPTIMAL,8.270000000000001,Keep as is,8.270000000000001
2024-01-16 18:00:00,88,79,58,24,1,HIGH,8.17,Scale up resources,8.987
2024-01-16 19:00:00,41,43,27,30,0,LOW,4.180000000000001,Reduce resources,2.926
2024-01-16 20:00:00,86,82,61,22,1,HIGH,8.2,Scale up resources,9.02
2024-01-16 21:00:00,45,85,67,28,0,LOW,6.42,Reduce resources,4.494
2024-01-16 22:00:00,35,40,64,43,0,LOW,4.66,Reduce resources,3.262
2024-01-16 23:00:00,70,38,50,61,2,OPTIMAL,6.25,Keep as is,6.25
2024-01-17 00:00:00,76,63,79,36,1,HIGH,7.630000000000001,Scale up resources,8.393
2024-01-17 01:00:00,48,41,47,38,0,LOW,4.95,Reduce resources,3.465
2024-01-17 02:00:00,88,64,68,37,1,HIGH,8.05,Scale up resources,8.855000000000002
2024-01-17 03:00:00,66,64,63,44,2,OPTIMAL,6.920000000000001,Keep as is,6.920000000000001
2024-01-17 04:00:00,81,30,39,17,1,HIGH,5.8999999999999995,Scale up resources,6.49
2024-01-17 05:00:00,88,69,80,25,1,HIGH,8.32,Scale up resources,9.152000000000001
2024-01-17 06:00:00,35,51,73,45,0,LOW,5.19,Reduce resources,3.633
2024-01-17 07:00:00,67,89,28,39,2,OPTIMAL,6.97,Keep as is,6.97
2024-01-17 08:00:00,58,58,53,27,1,HIGH,5.970000000000001,Scale up resources,6.567000000000001
2024-01-17 09:00:00,52,37,46,11,1,HIGH,4.74,Scale up resources,5.214
2024-01-17 10:00:00,42,40,49,58,0,LOW,4.859999999999999,Reduce resources,3.4019999999999992
2024-01-17 11:00:00,29,70,37,13,0,LOW,4.42,Reduce resources,3.094
2024-01-17 12:00:00,88,66,42,16,1,HIGH,7.380000000000001,Scale up resources,8.118000000000002
2024-01-17 13:00:00,53,43,57,48,0,LOW,5.5600000000000005,Reduce resources,3.892
2024-01-17 14:00:00,71,89,40,22,1,HIGH,7.24,Scale up resources,7.964000000000001
2024-01-17 15:00:00,29,59,69,40,0,LOW,5.000000000000001,Reduce resources,3.5000000000000004
2024-01-17 16:00:00,38,64,66,72,2,OPTIMAL,5.86,Keep as is,5.86
2024-01-17 17:00:00,77,50,68,65,2,OPTIMAL,7.36,Keep as is,7.36
2024-01-17 18:00:00,20,66,26,51,0,LOW,4.01,Reduce resources,2.8069999999999995
2024-01-17 19:00:00,88,34,79,70,2,OPTIMAL,7.7,Keep as is,7.7
2024-01-17 20:00:00,23,48,59,51,0,LOW,4.279999999999999,Reduce resources,2.9959999999999996
2024-01-17 21:00:00,35,88,66,65,0,LOW,6.36,Reduce resources,4.452
2024-01-17 22:00:00,43,43,58,45,0,LOW,5.05,Reduce resources,3.5349999999999997
2024-01-17 23:00:00,21,55,54,16,0,LOW,3.9400000000000004,Reduce resources,2.758
2024-01-18 00:00:00,51,33,83,63,2,OPTIMAL,5.83,Keep as is,5.83
2024-01-18 01:00:00,43,54,79,10,0,LOW,5.449999999999999,Reduce resources,3.814999999999999
2024-01-18 02:00:00,31,74,37,53,0,LOW,5.04,Reduce resources,3.5279999999999996
2024-01-18 03:00:00,69,71,37,54,2,OPTIMAL,6.86,Keep as is,6.86
2024-01-18 04:00:00,54,54,42,56,2,OPTIMAL,5.720000000000001,Keep as is,5.720000000000001
2024-01-18 05:00:00,52,47,56,22,1,HIGH,5.35,Scale up resources,5.885
2024-01-18 06:00:00,52,69,56,31,0,LOW,6.1,Reduce resources,4.27
2024-01-18 07:00:00,80,37,59,30,1,HIGH,6.589999999999999,Scale up resources,7.249
2024-01-18 08:00:00,70,68,83,18,1,HIGH,7.38,Scale up resources,8.118
2024-01-18 09:00:00,62,69,63,35,1,HIGH,6.779999999999999,Scale up resources,7.458
2024-01-18 10:00:00,31,43,70,18,0,LOW,4.42,Reduce resources,3.094
2024-01-18 11:00:00,86,61,76,24,1,HIGH,7.890000000000001,Scale up resources,8.679000000000002
2024-01-18 12:00:00,84,80,53,19,1,HIGH,7.8500000000000005,Scale up resources,8.635000000000002
2024-01-18 13:00:00,52,67,73,51,2,OPTIMAL,6.579999999999999,Keep as is,6.579999999999999
2024-01-18 14:00:00,59,62,53,33,1,HIGH,6.200000000000001,Scale up resources,6.820000000000002
2024-01-18 15:00:00,93,52,77,58,2,OPTIMAL,8.33,Keep as is,8.33
2024-01-18 16:00:00,62,44,68,35,1,HIGH,6.13,Scale up resources,6.743
2024-01-18 17:00:00,63,62,81,46,2,OPTIMAL,7.09,Keep as is,7.09
2024-01-18 18:00:00,48,54,40,59,0,LOW,5.41,Reduce resources,3.787
2024-01-18 19:00:00,32,46,80,33,0,LOW,4.91,Reduce resources,3.437
2024-01-18 20:00:00,31,62,68,28,0,LOW,5.050000000000001,Reduce resources,3.535
2024-01-18 21:00:00,65,76,71,69,2,OPTIMAL,7.64,Keep as is,7.64
2024-01-18 22:00:00,21,84,81,48,0,LOW,5.67,Reduce resources,3.969
2024-01-18 23:00:00,54,31,34,27,1,HIGH,4.58,Scale up resources,5.038
2024-01-19 00:00:00,27,43,54,28,0,LOW,4.0,Reduce resources,2.8
2024-01-19 01:00:00,45,82,49,45,0,LOW,6.14,Reduce resources,4.297999999999999
2024-01-19 02:00:00,93,69,63,64,2,OPTIMAL,8.620000000000001,Keep as is,8.620000000000001
2024-01-19 03:00:00,53,69,44,56,2,OPTIMAL,6.16,Keep as is,6.16
2024-01-19 04:00:00,26,80,29,58,0,LOW,4.86,Reduce resources,3.402
2024-01-19 05:00:00,87,68,25,42,1,HIGH,7.3100000000000005,Scale up resources,8.041
2024-01-19 06:00:00,77,80,54,30,1,HIGH,7.63,Scale up resources,8.393
2024-01-19 07:00:00,94,35,73,31,1,HIGH,7.52,Scale up resources,8.272
2024-01-19 08:00:00,48,35,27,57,0,LOW,4.5600000000000005,Reduce resources,3.192
2024-01-19 09:00:00,55,32,69,46,0,LOW,5.55,Reduce resources,3.885
2024-01-19 10:00:00,40,36,38,24,0,LOW,4.08,Reduce resources,2.856
2024-01-19 11:00:00,55,80,80,44,2,OPTIMAL,7.19,Keep as is,7.19
2024-01-19 12:00:00,29,37,54,41,0,LOW,4.05,Reduce resources,2.8349999999999995
2024-01-19 13:00:00,92,71,74,20,1,HIGH,8.41,Scale up resources,9.251000000000001
2024-01-19 14:00:00,43,81,28,19,0,LOW,5.330000000000001,Reduce resources,3.7310000000000003
2024-01-19 15:00:00,83,44,42,66,2,OPTIMAL,6.970000000000001,Keep as is,6.970000000000001
2024-01-19 16:00:00,68,76,61,34,1,HIGH,7.239999999999999,Scale up resources,7.9639999999999995
2024-01-19 17:00:00,55,58,49,11,1,HIGH,5.580000000000001,Scale up resources,6.138000000000002
2024-01-19 18:00:00,43,62,72,73,2,OPTIMAL,6.18,Keep as is,6.18
2024-01-19 19:00:00,42,81,25,44,0,LOW,5.47,Reduce resources,3.8289999999999997
2024-01-19 20:00:00,81,59,77,16,1,HIGH,7.5200000000000005,Scale up resources,8.272000000000002
2024-01-19 21:00:00,56,68,70,27,1,HIGH,6.51,Scale up resources,7.1610000000000005
2024-01-19 22:00:00,31,56,39,51,0,LOW,4.52,Reduce resources,3.1639999999999997
2024-01-19 23:00:00,74,65,33,48,2,OPTIMAL,6.790000000000001,Keep as is,6.790000000000001
2024-01-20 00:00:00,32,58,39,50,0,LOW,4.62,Reduce resources,3.234
2024-01-20 01:00:00,42,67,73,33,0,LOW,5.8999999999999995,Reduce resources,4.129999999999999
2024-01-20 02:00:00,49,86,81,69,2,OPTIMAL,7.340000000000001,Keep as is,7.340000000000001
2024-01-20 03:00:00,36,62,48,55,0,LOW,5.17,Reduce resources,3.6189999999999998
2024-01-20 04:00:00,81,66,28,28,1,HIGH,6.87,Scale up resources,7.557
2024-01-20 05:00:00,32,56,36,51,0,LOW,4.51,Reduce resources,3.1569999999999996
2024-01-20 06:00:00,78,84,83,41,2,OPTIMAL,8.49,Keep as is,8.49
2024-01-20 07:00:00,38,62,82,48,0,LOW,5.880000000000001,Reduce resources,4.1160000000000005
2024-01-20 08:00:00,68,33,61,45,1,HIGH,6.0600000000000005,Scale up resources,6.666000000000001
2024-01-20 09:00:00,31,51,61,45,0,LOW,4.75,Reduce resources,3.3249999999999997
2024-01-20 10:00:00,80,31,67,12,1,HIGH,6.39,Scale up resources,7.029
2024-01-20 11:00:00,38,39,84,17,0,LOW,4.92,Reduce resources,3.444
2024-01-20 12:00:00,28,34,30,50,0,LOW,3.52,Reduce resources,2.464
2024-01-20 13:00:00,90,88,63,22,1,HIGH,8.620000000000001,Scale up resources,9.482000000000001
2024-01-20 14:00:00,47,39,80,58,0,LOW,5.7,Reduce resources,3.9899999999999998
2024-01-20 15:00:00,71,62,70,69,2,OPTIMAL,7.500000000000001,Keep as is,7.500000000000001
2024-01-20 16:00:00,35,83,48,11,0,LOW,5.3100000000000005,Reduce resources,3.717
2024-01-20 17:00:00,88,67,35,69,2,OPTIMAL,7.800000000000001,Keep as is,7.800000000000001
2024-01-20 18:00:00,31,42,37,14,0,LOW,3.69,Reduce resources,2.5829999999999997
2024-01-20 19:00:00,44,60,58,53,0,LOW,5.69,Reduce resources,3.983
2024-01-20 20:00:00,71,76,49,36,1,HIGH,7.170000000000001,Scale up resources,7.887000000000001
2024-01-20 21:00:00,72,65,31,41,1,HIGH,6.58,Scale up resources,7.238
2024-01-20 22:00:00,42,74,76,30,0,LOW,6.14,Reduce resources,4.297999999999999
2024-01-20 23:00:00,35,53,28,17,0,LOW,4.07,Reduce resources,2.849
2024-01-21 00:00:00,76,81,83,59,2,OPTIMAL,8.48,Keep as is,8.48
2024-01-21 01:00:00,58,85,32,53,2,OPTIMAL,6.62,Keep as is,6.62
2024-01-21 02:00:00,72,44,44,67,2,OPTIMAL,6.47,Keep as is,6.47
2024-01-21 03:00:00,61,58,53,12,1,HIGH,5.97,Scale up resources,6.567
2024-01-21 04:00:00,77,37,78,11,1,HIGH,6.63,Scale up resources,7.293
2024-01-21 05:00:00,58,34,77,53,2,OPTIMAL,5.990000000000001,Keep as is,5.990000000000001
2024-01-21 06:00:00,33,58,75,11,0,LOW,5.000000000000001,Reduce resources,3.5000000000000004
2024-01-21 07:00:00,24,76,69,44,0,LOW,5.300000000000001,Reduce resources,3.7100000000000004
2024-01-21 08:00:00,54,33,70,39,1,HIGH,5.48,Scale up resources,6.028000000000001
2024-01-21 09:00:00,94,41,34,17,1,HIGH,6.779999999999999,Scale up resources,7.458
2024-01-21 10:00:00,37,74,67,31,0,LOW,5.72,Reduce resources,4.004
2024-01-21 11:00:00,28,31,58,53,0,LOW,4.0200000000000005,Reduce resources,2.814
2024-01-21 12:00:00,93,56,81,67,2,OPTIMAL,8.620000000000001,Keep as is,8.620000000000001
2024-01-21 13:00:00,77,60,50,45,2,OPTIMAL,7.1000000000000005,Keep as is,7.1000000000000005
2024-01-21 14:00:00,36,80,65,40,0,LOW,5.9,Reduce resources,4.13
2024-01-21 15:00:00,26,80,73,56,0,LOW,5.720000000000001,Reduce resources,4.0040000000000004
2024-01-21 16:00:00,65,65,82,64,2,OPTIMAL,7.4799999999999995,Keep as is,7.4799999999999995
2024-01-21 17:00:00,32,65,27,71,0,LOW,4.8,Reduce resources,3.36
2024-01-21 18:00:00,59,55,80,39,1,HIGH,6.589999999999999,Scale up resources,7.249
2024-01-21 19:00:00,61,72,30,64,2,OPTIMAL,6.45,Keep as is,6.45
2024-01-21 20:00:00,28,56,29,25,0,LOW,3.91,Reduce resources,2.737
2024-01-21 21:00:00,69,34,29,21,1,HIGH,5.260000000000001,Scale up resources,5.786000000000001
2024-01-21 22:00:00,46,49,78,26,0,LOW,5.59,Reduce resources,3.913
2024-01-21 23:00:00,85,40,71,25,1,HIGH,7.12,Scale up resources,7.832000000000001
2024-01-22 00:00:00,24,39,47,21,0,LOW,3.52,Reduce resources,2.464
2024-01-22 01:00:00,48,69,73,17,0,LOW,6.1000000000000005,Reduce resources,4.2700000000000005
2024-01-22 02:00:00,56,67,33,12,1,HIGH,5.590000000000001,Scale up resources,6.149000000000001
2024-01-22 03:00:00,57,35,59,25,1,HIGH,5.33,Scale up resources,5.863
2024-01-22 04:00:00,27,37,44,39,0,LOW,3.73,Reduce resources,2.6109999999999998
2024-01-22 05:00:00,84,52,82,32,1,HIGH,7.720000000000001,Scale up resources,8.492
2024-01-22 06:00:00,36,76,73,14,0,LOW,5.68,Reduce resources,3.9759999999999995
2024-01-22 07:00:00,90,55,83,74,2,OPTIMAL,8.55,Keep as is,8.55
2024-01-22 08:00:00,64,75,66,39,2,OPTIMAL,7.16,Keep as is,7.16
2024-01-22 09:00:00,23,72,59,30,0,LOW,4.79,Reduce resources,3.3529999999999998
2024-01-22 10:00:00,55,41,74,31,1,HIGH,5.77,Scale up resources,6.347
2024-01-22 11:00:00,89,55,42,41,1,HIGH,7.35,Scale up resources,8.085
2024-01-22 12:00:00,50,42,41,42,0,LOW,5.0,Reduce resources,3.5
2024-01-22 13:00:00,38,69,48,25,0,LOW,5.18,Reduce resources,3.6259999999999994
2024-01-22 14:00:00,80,47,27,47,1,HIGH,6.42,Scale up resources,7.062
2024-01-22 15:00:00,73,54,56,23,1,HIGH,6.620000000000001,Scale up resources,7.282000000000002
2024-01-22 16:00:00,58,62,59,45,2,OPTIMAL,6.39,Keep as is,6.39
2024-01-22 17:00:00,93,76,62,32,1,HIGH,8.49,Scale up resources,9.339
2024-01-22 18:00:00,38,69,37,11,0,LOW,4.82,Reduce resources,3.374
2024-01-22 19:00:00,58,89,80,74,2,OPTIMAL,7.91,Keep as is,7.91
2024-01-22 20:00:00,86,72,71,61,2,OPTIMAL,8.49,Keep as is,8.49
2024-01-22 21:00:00,64,41,49,71,2,OPTIMAL,6.12,Keep as is,6.12
2024-01-22 22:00:00,32,73,33,32,0,LOW,4.7700000000000005,Reduce resources,3.339
2024-01-22 23:00:00,77,65,28,35,1,HIGH,6.709999999999999,Scale up resources,7.380999999999999
2024-01-23 00:00:00,39,77,38,64,0,LOW,5.659999999999999,Reduce resources,3.9619999999999993
2024-01-23 01:00:00,91,33,61,15,1,HIGH,6.91,Scale up resources,7.601000000000001
2024-01-23 02:00:00,80,34,58,44,1,HIGH,6.62,Scale up resources,7.282000000000001
2024-01-23 03:00:00,58,85,35,31,1,HIGH,6.46,Scale up resources,7.106000000000001
2024-01-23 04:00:00,20,66,65,52,0,LOW,4.800000000000001,Reduce resources,3.3600000000000003
2024-01-23 05:00:00,22,37,80,24,0,LOW,4.05,Reduce resources,2.8349999999999995
2024-01-23 06:00:00,81,71,27,69,2,OPTIMAL,7.41,Keep as is,7.41
2024-01-23 07:00:00,82,78,83,21,1,HIGH,8.310000000000002,Scale up resources,9.141000000000004
2024-01-23 08:00:00,44,57,52,58,0,LOW,5.53,Reduce resources,3.871
2024-01-23 09:00:00,75,60,53,51,2,OPTIMAL,7.119999999999999,Keep as is,7.119999999999999
2024-01-23 10:00:00,52,87,33,47,2,OPTIMAL,6.34,Keep as is,6.34
2024-01-23 11:00:00,57,38,27,54,2,OPTIMAL,5.07,Keep as is,5.07
2024-01-23 12:00:00,25,83,49,44,0,LOW,5.16,Reduce resources,3.6119999999999997
2024-01-23 13:00:00,77,80,58,39,2,OPTIMAL,7.8,Keep as is,7.8
2024-01-23 14:00:00,63,58,36,39,1,HIGH,6.0,Scale up resources,6.6000000000000005
2024-01-23 15:00:00,64,43,66,15,1,HIGH,5.960000000000001,Scale up resources,6.556000000000002
2024-01-23 16:00:00,51,69,33,16,1,HIGH,5.44,Scale up resources,5.984000000000001
2024-01-23 17:00:00,64,70,39,61,2,OPTIMAL,6.690000000000001,Keep as is,6.690000000000001
2024-01-23 18:00:00,80,51,64,23,1,HIGH,7.040000000000001,Scale up resources,7.7440000000000015
2024-01-23 19:00:00,66,40,49,24,1,HIGH,5.720000000000001,Scale up resources,6.292000000000002
2024-01-23 20:00:00,40,52,29,30,0,LOW,4.4399999999999995,Reduce resources,3.1079999999999997
2024-01-23 21:00:00,94,30,35,44,1,HIGH,6.74,Scale up resources,7.414000000000001
2024-01-23 22:00:00,55,75,83,11,1,HIGH,6.7700000000000005,Scale up resources,7.447000000000001
2024-01-23 23:00:00,38,66,58,44,0,LOW,5.48,Reduce resources,3.836
2024-01-24 00:00:00,39,50,48,29,0,LOW,4.7,Reduce resources,3.29
2024-01-24 01:00:00,76,55,84,19,1,HIGH,7.32,Scale up resources,8.052000000000001
2024-01-24 02:00:00,37,75,39,34,0,LOW,5.22,Reduce resources,3.6539999999999995
2024-01-24 03:00:00,66,65,62,34,1,HIGH,6.83,Scale up resources,7.513000000000001
2024-01-24 04:00:00,68,83,32,63,2,OPTIMAL,7.16,Keep as is,7.16
2024-01-24 05:00:00,33,52,83,42,0,LOW,5.29,Reduce resources,3.703
2024-01-24 06:00:00,34,86,29,45,0,LOW,5.3100000000000005,Reduce resources,3.717
2024-01-24 07:00:00,50,30,72,23,1,HIGH,5.07,Scale up resources,5.577000000000001
2024-01-24 08:00:00,20,83,50,74,0,LOW,5.23,Reduce resources,3.661
2024-01-24 09:00:00,73,84,42,63,2,OPTIMAL,7.64,Keep as is,7.64
2024-01-24 10:00:00,22,80,30,61,0,LOW,4.71,Reduce resources,3.2969999999999997
2024-01-24 11:00:00,35,69,61,12,0,LOW,5.16,Reduce resources,3.6119999999999997
2024-01-24 12:00:00,76,44,84,50,2,OPTIMAL,7.3,Keep as is,7.3
2024-01-24 13:00:00,94,50,72,15,1,HIGH,7.790000000000001,Scale up resources,8.569
2024-01-24 14:00:00,31,76,37,34,0,LOW,4.91,Reduce resources,3.437
2024-01-24 15:00:00,93,38,52,22,1,HIGH,7.05,Scale up resources,7.755000000000001
2024-01-24 16:00:00,35,82,29,17,0,LOW,4.96,Reduce resources,3.472
2024-01-24 17:00:00,91,38,37,30,1,HIGH,6.7299999999999995,Scale up resources,7.4030000000000005
2024-01-24 18:00:00,43,39,41,34,0,LOW,4.4799999999999995,Reduce resources,3.1359999999999997
2024-01-24 19:00:00,47,81,74,54,2,OPTIMAL,6.8,Keep as is,6.8
2024-01-24 20:00:00,27,86,64,69,0,LOW,5.9,Reduce resources,4.13
2024-01-24 21:00:00,55,82,69,21,1,HIGH,6.8,Scale up resources,7.48
2024-01-24 22:00:00,27,55,56,41,0,LOW,4.53,Reduce resources,3.171
2024-01-24 23:00:00,77,70,53,22,1,HIGH,7.2299999999999995,Scale up resources,7.953
2024-01-25 00:00:00,79,64,75,40,1,HIGH,7.7700000000000005,Scale up resources,8.547
2024-01-25 01:00:00,69,81,82,29,1,HIGH,7.81,Scale up resources,8.591000000000001
2024-01-25 02:00:00,47,54,27,27,0,LOW,4.779999999999999,Reduce resources,3.345999999999999
2024-01-25 03:00:00,60,55,80,69,2,OPTIMAL,6.94,Keep as is,6.94
2024-01-25 04:00:00,83,40,64,72,2,OPTIMAL,7.3500000000000005,Keep as is,7.3500000000000005
2024-01-25 05:00:00,46,67,58,15,0,LOW,5.620000000000001,Reduce resources,3.9340000000000006
2024-01-25 06:00:00,82,31,64,41,1,HIGH,6.720000000000001,Scale up resources,7.392000000000001
2024-01-25 07:00:00,36,36,51,52,0,LOW,4.42,Reduce resources,3.094
2024-01-25 08:00:00,92,47,37,11,1,HIGH,6.860000000000001,Scale up resources,7.546000000000002
2024-01-25 09:00:00,52,56,69,69,2,OPTIMAL,6.3500000000000005,Keep as is,6.3500000000000005
2024-01-25 10:00:00,48,63,57,32,0,LOW,5.75,Reduce resources,4.0249999999999995
2024-01-25 11:00:00,32,56,30,40,0,LOW,4.28,Reduce resources,2.996
2024-01-25 12:00:00,65,46,48,14,1,HIGH,5.7299999999999995,Scale up resources,6.303
2024-01-25 13:00:00,54,72,43,43,2,OPTIMAL,6.15,Keep as is,6.15
2024-01-25 14:00:00,25,88,40,19,0,LOW,4.88,Reduce resources,3.416
2024-01-25 15:00:00,88,73,64,11,1,HIGH,7.98,Scale up resources,8.778
2024-01-25 16:00:00,66,88,52,20,1,HIGH,7.18,Scale up resources,7.898000000000001
2024-01-25 17:00:00,44,80,57,59,2,OPTIMAL,6.33,Keep as is,6.33
2024-01-25 18:00:00,85,83,83,40,2,OPTIMAL,8.8,Keep as is,8.8
2024-01-25 19:00:00,29,53,83,65,0,LOW,5.3500000000000005,Reduce resources,3.745
2024-01-25 20:00:00,75,54,72,18,1,HIGH,6.99,Scale up resources,7.689000000000001
2024-01-25 21:00:00,49,36,65,30,0,LOW,5.13,Reduce resources,3.5909999999999997
2024-01-25 22:00:00,24,81,37,37,0,LOW,4.74,Reduce resources,3.318
2024-01-25 23:00:00,52,35,67,71,2,OPTIMAL,5.7,Keep as is,5.7
